lambda,G_lambda_lambda
0.005,0.5000181255755932
0.005495247623811906,0.5000218941913669
0.005990495247623812,0.5000260185325923
0.006485742871435718,0.500030498635428
0.006980990495247624,0.5000353344619095
0.00747623811905953,0.5000405260758791
0.007971485742871435,0.5000460734909269
0.008466733366683342,0.5000519767200627
0.008961980990495248,0.5000582357635444
0.009457228614307154,0.5000648506663962
0.009952476238119061,0.500071821465033
0.010447723861930967,0.5000791481555231
0.010942971485742872,0.5000868307905844
0.011438219109554778,0.5000948693768735
0.011933466733366684,0.500103263959857
0.01242871435717859,0.5001120145741406
0.012923961980990495,0.5001211212344996
0.0134192096048024,0.5001305839868108
0.013914457228614306,0.5001404028581387
0.014409704852426215,0.5001505778955255
0.014904952476238121,0.5001611091277676
0.015400200100050027,0.5001719965996563
0.015895447723861932,0.5001832403458502
0.016390695347673838,0.5001948404108817
0.016885942971485744,0.5002067968352628
0.01738119059529765,0.5002191096662915
0.017876438219109555,0.500231778946326
0.01837168584292146,0.5002448047244313
0.018866933466733366,0.5002581870504995
0.019362181090545272,0.500271925969566
0.01985742871435718,0.5002860215333135
0.020352676338169087,0.5003004737963029
0.020847923961980992,0.500315282810627
0.021343171585792898,0.5003304486293241
0.021838419209604804,0.5003459713124337
0.02233366683341671,0.5003618509136486
0.022828914457228615,0.5003780874937727
0.02332416208104052,0.500394681109455
0.02381940970485243,0.5004116318271465
0.024314657328664335,0.5004289397046294
0.02480990495247624,0.5004466048102122
0.025305152576288147,0.5004646272063574
0.025800400200100052,0.5004830069594683
0.026295647823911958,0.5005017441387304
0.026790895447723864,0.500520838812089
0.02728614307153577,0.5005402910527763
0.027781390695347675,0.5005601009315336
0.02827663831915958,0.5005802685201376
0.028771885942971486,0.5006007938935768
0.029267133566783395,0.5006216771304937
0.0297623811905953,0.5006429183047444
0.030257628814407207,0.500664517496793
0.030752876438219112,0.5006864747859325
0.031248124062031018,0.50070879025418
0.031743371685842924,0.5007314639828482
0.032238619309654826,0.5007544960566874
0.032733866933466735,0.5007778865610767
0.03322911455727864,0.5008016355827148
0.033724362181090546,0.5008257432087363
0.034219609804902455,0.5008502095288238
0.03471485742871436,0.5008750346342064
0.03521010505252627,0.5009002186150247
0.03570535267633817,0.5009257615672834
0.03620060030015008,0.5009516635829997
0.03669584792396198,0.5009779247596549
0.03719109554777389,0.5010045451949191
0.03768634317158579,0.5010315249864847
0.0381815907953977,0.501058864233839
0.0386768384192096,0.5010865630401478
0.03917208604302151,0.5011146215066071
0.039667333666833414,0.5011430397378692
0.04016258129064532,0.5011718178394544
0.040657828914457225,0.5012009559175439
0.041153076538269134,0.5012304540807786
0.04164832416208104,0.5012603124385979
0.042143571785892946,0.5012905311013778
0.042638819409704855,0.5013211101814639
0.04313406703351676,0.5013520497919817
0.043629314657328666,0.5013833500490122
0.04412456228114057,0.5014150110672013
0.04461980990495248,0.501447032964882
0.04511505752876438,0.501479415861431
0.04561030515257629,0.5015121598765664
0.04610555277638819,0.5015452651315702
0.0466008004002001,0.501578731750101
0.047096048024012,0.5016125598566488
0.04759129564782391,0.501646749576408
0.04808654327163582,0.501681301036853
0.04858179089544772,0.5017162143658231
0.04907703851925963,0.5017514896939955
0.049572286143071534,0.5017871271520856
0.05006753376688344,0.5018231268725925
0.050562781390695345,0.5018594889898186
0.051058029014507254,0.5018962136388241
0.051553276638319157,0.5019333009559622
0.052048524262131066,0.5019707510801792
0.05254377188594297,0.502008564149937
0.05303901950975488,0.5020467403066078
0.053534267133566786,0.5020852796918689
0.05402951475737869,0.5021241824501435
0.0545247623811906,0.5021634487255416
0.0550200100050025,0.502203078664824
0.05551525762881441,0.5022430724153606
0.05601050525262631,0.5022834301264958
0.05650575287643822,0.5023241519485077
0.05700100050025012,0.5023652380337277
0.05749624812406203,0.5024066885346878
0.05799149574787394,0.5024485036062605
0.05848674337168584,0.5024906834048207
0.05898199099549775,0.502533228087487
0.059477238619309654,0.5025761378127025
0.05997248624312156,0.5026194127413764
0.060467733866933465,0.5026630530347165
0.060962981490745374,0.5027070588558682
0.061458229114557276,0.5027514303690374
0.061953476738369186,0.5027961677401511
0.06244872436218109,0.5028412711361656
0.062943971985993,0.5028867407258523
0.0634392196098049,0.5029325766793988
0.06393446723361682,0.5029787791679131
0.06442971485742872,0.5030253483643152
0.06492496248124062,0.5030722844428277
0.06542021010505253,0.5031195875792914
0.06591545772886444,0.5031672579503031
0.06641070535267635,0.5032152957345735
0.06690595297648824,0.5032637011119283
0.06740120060030015,0.5033124742636246
0.06789644822411206,0.5033616153727586
0.06839169584792397,0.5034111246228524
0.06888694347173588,0.5034610021998508
0.06938219109554779,0.5035112482904773
0.06987743871935968,0.503561863083237
0.07037268634317159,0.5036128467681018
0.0708679339669835,0.5036641995359968
0.07136318159079541,0.5037159215798643
0.0718584292146073,0.5037680130940213
0.07235367683841921,0.5038204742733551
0.07284892446223112,0.5038733053154235
0.07334417208604303,0.5039265064186538
0.07383941970985494,0.5039800777825274
0.07433466733366684,0.5040340196085563
0.07482991495747875,0.504088332099393
0.07532516258129066,0.5041430154593849
0.07582041020510256,0.5041980698939206
0.07631565782891446,0.5042534956103633
0.07681090545272637,0.5043092928170176
0.07730615307653828,0.5043654617240457
0.07780140070035019,0.5044220025427472
0.07829664832416208,0.5044789154860728
0.07879189594797399,0.5045362007683003
0.0792871435717859,0.5045938586053447
0.07978239119559781,0.5046518892143534
0.08027763881940972,0.5047102928142819
0.08077288644322161,0.5047690696250544
0.08126813406703352,0.5048282198683164
0.08176338169084543,0.5048877437674547
0.08225862931465734,0.5049476415468006
0.08275387693846924,0.5050079134326766
0.08324912456228115,0.5050685596525228
0.08374437218609306,0.5051295804352738
0.08423961980990496,0.505190976011555
0.08473486743371687,0.5052527466134014
0.08523011505752877,0.5053148924740664
0.08572536268134068,0.5053774138286868
0.08622061030515259,0.5054403109136991
0.0867158579289645,0.5055035839669595
0.08721110555277639,0.5055672332278629
0.0877063531765883,0.5056312589373795
0.08820160080040021,0.5056956613379412
0.08869684842421212,0.5057604406734857
0.08919209604802401,0.5058255971893515
0.08968734367183592,0.5058911311324603
0.09018259129564783,0.5059570427512143
0.09067783891945974,0.506023332295737
0.09117308654327165,0.5060900000170936
0.09166833416708355,0.506157046168489
0.09216358179089545,0.5062244710043501
0.09265882941470736,0.5062922747807699
0.09315407703851927,0.5063604577548251
0.09364932466233117,0.5064290201860472
0.09414457228614308,0.506497962334514
0.09463981990995499,0.5065672844626254
0.0951350675337669,0.50663698683386
0.0956303151575788,0.5067070697133886
0.0961255627813907,0.5067775333677331
0.09662081040520261,0.5068483780652363
0.09711605802901452,0.5069196040754285
0.09761130565282643,0.506991211669726
0.09810655327663832,0.507063201120928
0.09860180090045023,0.5071355727033737
0.09909704852426214,0.5072083266929199
0.09959229614807405,0.5072814633670369
0.10008754377188595,0.5073549830047254
0.10058279139569785,0.5074288858866661
0.10107803901950976,0.5075031722948071
0.10157328664332167,0.5075778425128491
0.10206853426713358,0.5076528968260008
0.10256378189094548,0.5077283355212833
0.10305902951475739,0.5078041588867066
0.1035542771385693,0.507880367212639
0.1040495247623812,0.5079569607902521
0.1045447723861931,0.508033939912717
0.10504002001000501,0.5081113048747619
0.10553526763381692,0.5081890559725574
0.10603051525762883,0.508267193504054
0.10652576288144074,0.5083457177685625
0.10702101050525263,0.508424629067141
0.10751625812906454,0.5085039277023782
0.10801150575287645,0.5085836139784286
0.10850675337668836,0.5086636882011447
0.10900200100050025,0.508744150677914
0.10949724862431216,0.5088250017176975
0.10999249624812407,0.5089062416310617
0.11048774387193598,0.508987870730396
0.11098299149574789,0.509069889329299
0.11147823911955979,0.5091522977433056
0.1119734867433717,0.5092350962894582
0.1124687343671836,0.5093182852864757
0.11296398199099551,0.5094018650546541
0.11345922961480741,0.5094858359158104
0.11395447723861932,0.5095701981937113
0.11444972486243123,0.5096549522132756
0.11494497248624314,0.5097400983014343
0.11544022011005503,0.5098256367868099
0.11593546773386694,0.5099115679992035
0.11643071535767885,0.509997892270638
0.11692596298149076,0.5100846099343003
0.11742121060530267,0.5101717213253246
0.11791645822911456,0.5102592267804087
0.11841170585292647,0.5103471266378882
0.11890695347673838,0.5104354212378096
0.11940220110055029,0.5105241109218016
0.11989744872436219,0.5106131960332251
0.1203926963481741,0.5107026769171275
0.120887943971986,0.5107925539201553
0.12138319159579791,0.5108828273906643
0.12187843921960982,0.5109734976786757
0.12237368684342172,0.5110645651359429
0.12286893446723363,0.5111560301158325
0.12336418209104554,0.5112478929735056
0.12385942971485744,0.5113401540657239
0.12435467733866934,0.5114328137509567
0.12484992496248125,0.5115258723894133
0.12534517258629316,0.5116193303429241
0.12584042021010505,0.5117131879750848
0.12633566783391695,0.5118074456512831
0.12683091545772887,0.5119021037383765
0.12732616308154077,0.5119971626052163
0.1278214107053527,0.5120926226222212
0.12831665832916458,0.5121884841615492
0.12881190595297648,0.5122847475970931
0.1293071535767884,0.5123814133044768
0.1298024012006003,0.5124784816610848
0.13029764882441222,0.5125759530458928
0.13079289644822412,0.5126738278398966
0.13128814407203604,0.5127721064255786
0.13178339169584793,0.5128707891873012
0.13227863931965983,0.51296987651114
0.13277388694347175,0.5130693687848504
0.13326913456728365,0.5131692663981224
0.13376438219109557,0.51326956974232
0.13425962981490747,0.5133702792104505
0.13475487743871936,0.5134713951974486
0.13525012506253128,0.5135729181000144
0.13574537268634318,0.5136748483165192
0.13624062031015508,0.5137771862472239
0.136735867933967,0.5138799322941207
0.1372311155577789,0.5139830868610544
0.13772636318159082,0.5140866503535145
0.1382216108054027,0.5141906231788997
0.1387168584292146,0.5142950057464322
0.13921210605302653,0.5143997984670369
0.13970735367683842,0.5145050017535466
0.14020260130065035,0.51461061602053
0.14069784892446224,0.5147166416844334
0.14119309654827414,0.514823079163468
0.14168834417208606,0.5149299288777263
0.14218359179589796,0.5150371912490649
0.14267883941970988,0.5151448667011398
0.14317408704352177,0.5152529556596274
0.14366933466733367,0.5153614585518077
0.1441645822911456,0.5154703758070394
0.1446598299149575,0.5155797078562901
0.14515507753876938,0.5156894551325519
0.1456503251625813,0.5157996180705695
0.1461455727863932,0.5159101971070583
0.14664082041020512,0.5160211926804915
0.14713606803401702,0.5161326052312633
0.14763131565782892,0.5162444352016115
0.14812656328164084,0.5163566830356989
0.14862181090545273,0.5164693491795377
0.14911705852926466,0.5165824340809924
0.14961230615307655,0.516695938189886
0.15010755377688845,0.5168098619578745
0.15060280140070037,0.5169242058385789
0.15109804902451227,0.5170389702874334
0.15159329664832416,0.5171541557618702
0.15208854427213608,0.517269762721193
0.15258379189594798,0.5173857916266078
0.1530790395197599,0.5175022429412286
0.1535742871435718,0.5176191171301524
0.1540695347673837,0.5177364146603429
0.15456478239119562,0.5178541360008027
0.1550600300150075,0.5179722816223372
0.15555527763881943,0.5180908519977308
0.15605052526263133,0.5182098476017932
0.15654577288644322,0.5183292689112726
0.15704102051025515,0.5184491164047197
0.15753626813406704,0.51856939056282
0.15803151575787894,0.518690091868189
0.15852676338169086,0.5188112208053767
0.15902201100550276,0.5189327778609208
0.15951725862931468,0.5190547635233511
0.16001250625312657,0.5191771782831941
0.16050775387693847,0.5193000226328701
0.1610030015007504,0.5194232970669411
0.1614982491245623,0.5195470020818725
0.1619934967483742,0.5196711381761965
0.1624887443721861,0.5197957058503619
0.162983991995998,0.5199207056069376
0.16347923961980992,0.5200461379504038
0.16397448724362182,0.5201720033873722
0.16446973486743374,0.5202983024264419
0.16496498249124564,0.5204250355781864
0.16546023011505753,0.5205522033553309
0.16595547773886946,0.5206798062725047
0.16645072536268135,0.5208078448465816
0.16694597298649325,0.5209363195962544
0.16744122061030517,0.5210652310424538
0.16793646823411706,0.5211945797081277
0.168431715857929,0.5213243661182722
0.16892696348174088,0.5214545907999162
0.16942221110555278,0.5215852542823138
0.1699174587293647,0.5217163570966674
0.1704127063531766,0.5218478997762787
0.17090795397698852,0.5219798828566153
0.17140320160080041,0.5221123068752371
0.1718984492246123,0.5222451723717304
0.17239369684842423,0.5223784798879268
0.17288894447223613,0.5225122299676043
0.17338419209604802,0.5226464231567846
0.17387943971985995,0.5227810600036242
0.17437468734367184,0.522916141058368
0.17486993496748376,0.5230516668733587
0.17536518259129566,0.5231876380032123
0.17586043021510755,0.5233240550045682
0.17635567783891948,0.5234609184362828
0.17685092546273137,0.5235982288593459
0.1773461730865433,0.5237359868369647
0.1778414207103552,0.523874192934461
0.1783366683341671,0.524012847719375
0.178831915957979,0.5241519517613813
0.1793271635817909,0.5242915056324091
0.17982241120560283,0.5244315099065597
0.18031765882941472,0.5245719651600649
0.18081290645322662,0.5247128719714916
0.18130815407703854,0.5248542309215571
0.18180340170085044,0.5249960425931731
0.18229864932466233,0.5251383075714593
0.18279389694847425,0.525281026443839
0.18328914457228615,0.5254241997999607
0.18378439219609807,0.5255678282316428
0.18427963981990997,0.5257119123330369
0.18477488744372186,0.5258564527005188
0.1852701350675338,0.5260014499326675
0.18576538269134568,0.5261469046304413
0.1862606303151576,0.5262928173969563
0.1867558779389695,0.5264391888376636
0.1872511255627814,0.5265860195603443
0.18774637318659332,0.5267333101749869
0.1882416208104052,0.5268810612939311
0.1887368684342171,0.5270292735317818
0.18923211605802903,0.527177947505484
0.18972736368184093,0.5273270838343032
0.19022261130565285,0.5274766831397724
0.19071785892946475,0.5276267460457994
0.19121310655327664,0.5277772731786938
0.19170835417708856,0.5279282651669438
0.19220360180090046,0.52807972264154
0.19269884942471238,0.5282316462357545
0.19319409704852428,0.528384036585183
0.19368934467233617,0.5285368943278984
0.1941845922961481,0.5286902201042142
0.19467983991996,0.5288440145569738
0.19517508754377189,0.5289982783312874
0.1956703351675838,0.5291530120747293
0.1961655827913957,0.5293082164372107
0.19666083041520763,0.5294638920711157
0.19715607803901952,0.5296200396311925
0.19765132566283142,0.5297766597746587
0.19814657328664334,0.5299337531611339
0.19864182091045524,0.5300913204526297
0.19913706853426716,0.5302493623137071
0.19963231615807905,0.530407879411225
0.20012756378189095,0.5305668724146619
0.20062281140570287,0.5307263419958508
0.20111805902951477,0.5308862888291115
0.2016133066533267,0.5310467135912756
0.20210855427713859,0.5312076169616153
0.20260380190095048,0.5313689996219151
0.2030990495247624,0.5315308622564414
0.2035942971485743,0.5316932055519996
0.2040895447723862,0.5318560301978907
0.20458479239619812,0.5320193368859127
0.20508004002001,0.5321831263104295
0.20557528764382194,0.5323473991682893
0.20607053526763383,0.5325121561589329
0.20656578289144573,0.5326773979843142
0.20706103051525765,0.5328431253489556
0.20755627813906954,0.5330093389599598
0.20805152576288147,0.5331760395269467
0.20854677338669336,0.5333432277621736
0.20904202101050526,0.53351090438047
0.20953726863431718,0.5336790700992521
0.21003251625812908,0.5338477256384986
0.21052776388194097,0.5340168717208831
0.2110230115057529,0.5341865090715945
0.2115182591295648,0.5343566384185455
0.2120135067533767,0.5345272604921808
0.2125087543771886,0.5346983760256743
0.2130040020010005,0.5348699857548262
0.21349924962481243,0.5350420904180173
0.21399449724862432,0.5352146907563625
0.21448974487243624,0.5353877875136779
0.21498499249624814,0.5355613814363901
0.21548024012006003,0.5357354732736089
0.21597548774387196,0.5359100637772032
0.21647073536768385,0.5360851537016769
0.21696598299149578,0.5362607438043007
0.21746123061530767,0.5364368348450501
0.21795647823911957,0.5366134275866129
0.2184517258629315,0.5367905227944028
0.21894697348674338,0.5369681212365764
0.21944222111055528,0.5371462236840872
0.2199374687343672,0.5373248309106271
0.2204327163581791,0.5375039436926441
0.22092796398199102,0.5376835628093588
0.22142321160580292,0.5378636890427816
0.2219184592296148,0.5380443231777526
0.22241370685342673,0.5382254660018515
0.22290895447723863,0.5384071183055207
0.22340420210105055,0.5385892808820131
0.22389944972486245,0.5387719545273955
0.22439469734867434,0.5389551400405781
0.22488994497248627,0.5391388382232986
0.22538519259629816,0.5393230498802052
0.22588044022011006,0.5395077758187393
0.22637568784392198,0.5396930168492545
0.22687093546773388,0.5398787737849774
0.2273661830915458,0.5400650474420354
0.2278614307153577,0.540251838639443
0.2283566783391696,0.5404391481990942
0.2288519259629815,0.540626976945872
0.2293471735867934,0.5408153257075087
0.22984242121060533,0.5410041953147171
0.23033766883441723,0.5411935866011496
0.23083291645822912,0.5413835004033761
0.23132816408204104,0.5415739375609987
0.23182341170585294,0.5417648989165174
0.23231865932966486,0.541956385315458
0.23281390695347676,0.5421483976063236
0.23330915457728865,0.5423409366406491
0.23380440220110058,0.5425340032728752
0.23429964982491247,0.5427275983605867
0.23479489744872437,0.5429217227643447
0.2352901450725363,0.5431163773477203
0.23578539269634818,0.543311562977395
0.2362806403201601,0.5435072805230347
0.236775887943972,0.5437035308574221
0.2372711355677839,0.5439003148564043
0.23776638319159582,0.5440976333989321
0.23826163081540772,0.5442954873670379
0.23875687843921964,0.5444938776458028
0.23925212606303153,0.5446928051235327
0.23974737368684343,0.5448922706916011
0.24024262131065535,0.5450922752444904
0.24073786893446725,0.5452928196798824
0.24123311655827914,0.5454939048985775
0.24172836418209107,0.5456955318045645
0.24222361180590296,0.5458977013050302
0.24271885942971488,0.5461004143102896
0.24321410705352678,0.5463036717338858
0.24370935467733867,0.5465074744925622
0.2442046023011506,0.5467118235063197
0.2446998499249625,0.5469167196983197
0.24519509754877442,0.5471221639950232
0.2456903451725863,0.5473281573260934
0.2461855927963982,0.5475347006245144
0.24668084042021013,0.5477417948264349
0.24717608804402202,0.5479494408713863
0.24767133566783392,0.5481576397021753
0.24816658329164584,0.5483663922648574
0.24866183091545774,0.5485756995088729
0.24915707853926966,0.5487855623869169
0.24965232616308156,0.5489959818550619
0.25014757378689345,0.5492069588727273
0.2506428214107054,0.5494184944026845
0.25113806903451724,0.5496305894110287
0.25163331665832916,0.5498432448673289
0.2521285642821411,0.550056461744441
0.25262381190595296,0.5502702410187128
0.2531190595297649,0.5504845836698425
0.2536143071535768,0.5506994906809876
0.2541095547773887,0.5509149630387008
0.2546048024012006,0.5511310017330564
0.2551000500250125,0.5513476077574961
0.25559529764882444,0.55156478210899
0.25609054527263636,0.5517825257880018
0.25658579289644823,0.5520008397984149
0.25708104052026015,0.5522197251477066
0.2575762881440721,0.5524391828468354
0.25807153576788394,0.5526592139102463
0.25856678339169586,0.5528798193559846
0.2590620310155078,0.553101000205627
0.25955727863931966,0.5533227574843063
0.2600525262631316,0.5535450922207522
0.2605477738869435,0.5537680054472516
0.26104302151075537,0.5539914981997346
0.2615382691345673,0.5542155715177108
0.2620335167583792,0.554440226444308
0.26252876438219114,0.554665464026315
0.263024012006003,0.5548912853141875
0.26351925962981493,0.5551176913619859
0.26401450725362685,0.5553446832274841
0.2645097548774387,0.5555722619721506
0.26500500250125064,0.5558004286611409
0.26550025012506256,0.5560291843633092
0.26599549774887443,0.5562585301512344
0.26649074537268636,0.5564884671012889
0.2669859929964983,0.5567189962935154
0.26748124062031015,0.5569501188117801
0.26797648824412207,0.5571818357437136
0.268471735867934,0.5574141481806766
0.2689669834917459,0.557647057217933
0.2694622311155578,0.5578805639545036
0.2699574787393697,0.5581146694932138
0.27045272636318163,0.5583493749407927
0.2709479739869935,0.5585846814077927
0.2714432216108054,0.5588205900086224
0.27193846923461734,0.5590571018615962
0.2724337168584292,0.5592942180889185
0.27292896448224113,0.5595319398166869
0.27342421210605306,0.5597702681749643
0.2739194597298649,0.5600092042976685
0.27441470735367685,0.560248749322768
0.27490995497748877,0.5604889043921437
0.2754052026013007,0.5607296706516125
0.27590045022511256,0.5609710492510764
0.2763956978489245,0.561213041344377
0.2768909454727364,0.561455648089391
0.2773861930965483,0.5616988706480263
0.2778814407203602,0.5619427101862493
0.2783766883441721,0.5621871678741006
0.278871935967984,0.5624322448856317
0.2793671835917959,0.5626779423990944
0.27986243121560783,0.5629242615967546
0.28035767883941975,0.5631712036650195
0.2808529264632316,0.5634187697944564
0.28134817408704355,0.5636669611797732
0.28184342171085547,0.5639157790198187
0.28233866933466734,0.5641652245176414
0.28283391695847926,0.5644152988804808
0.2833291645822912,0.5646660033197843
0.28382441220610305,0.5649173390512299
0.284319659829915,0.5651693072947094
0.2848149074537269,0.5654219092743912
0.28531015507753876,0.5656751462187054
0.2858054027013507,0.5659290193603649
0.2863006503251626,0.5661835299364071
0.28679589794897453,0.5664386791881413
0.2872911455727864,0.5666944683612373
0.2877863931965983,0.5669508987057014
0.28828164082041025,0.5672079714759053
0.2887768884442221,0.5674656879305856
0.28927213606803404,0.567724049332903
0.28976738369184596,0.5679830569503893
0.2902626313156578,0.5682427120550223
0.29075787893946975,0.5685030159232249
0.2912531265632817,0.5687639698358722
0.29174837418709354,0.5690255750783085
0.29224362181090546,0.5692878329403759
0.2927388694347174,0.5695507447164072
0.2932341170585293,0.5698143117052725
0.2937293646823412,0.570078535210379
0.2942246123061531,0.5703434165396791
0.294719859929965,0.5706089570057181
0.2952151075537769,0.5708751579256104
0.2957103551775888,0.5711420206210807
0.29620560280140074,0.5714095464184796
0.2967008504252126,0.5716777366487995
0.2971960980490245,0.5719465926476778
0.29769134567283645,0.5722161157554491
0.2981865932966483,0.5724863073171
0.29868184092046024,0.5727571686823691
0.29917708854427216,0.5730287012056889
0.2996723361680841,0.5733009062462636
0.30016758379189595,0.5735737851680075
0.3006628314157079,0.5738473393396646
0.3011580790395198,0.5741215701347637
0.30165332666333167,0.5743964789316179
0.3021485742871436,0.574672067113398
0.3026438219109555,0.5749483360681346
0.3031390695347674,0.5752252871886862
0.3036343171585793,0.5755029218728503
0.3041295647823912,0.5757812415232559
0.3046248124062031,0.5760602475475362
0.305120060030015,0.5763399413581956
0.30561530765382694,0.5766203243727395
0.30611055527763886,0.576901398013639
0.30660580290145073,0.5771831637083392
0.30710105052526265,0.5774656228893494
0.3075962981490746,0.577748776994155
0.30809154577288644,0.5780326274653326
0.30858679339669837,0.5783171757505284
0.3090820410205103,0.5786024233024485
0.30957728864432216,0.5788883715789497
0.3100725362681341,0.5791750220429783
0.310567783891946,0.5794623761626605
0.31106303151575787,0.5797504354112866
0.3115582791395698,0.5800392012673115
0.3120535267633817,0.5803286752143981
0.31254877438719364,0.5806188587414819
0.3130440220110055,0.5809097533426784
0.31353926963481743,0.5812013605174298
0.31403451725862935,0.5814936817704192
0.3145297648824412,0.5817867186116742
0.31502501250625314,0.5820804725565079
0.31552026013006507,0.5823749451256148
0.31601550775387693,0.5826701378450493
0.31651075537768886,0.5829660522462287
0.3170060030015008,0.5832626898660325
0.3175012506253127,0.5835600522467039
0.31799649824912457,0.5838581409359797
0.3184917458729365,0.5841569574870581
0.3189869934967484,0.5844565034586338
0.3194822411205603,0.5847567804149058
0.3199774887443722,0.5850577899256072
0.32047273636818413,0.5853595335660348
0.320967983991996,0.5856620129170536
0.3214632316158079,0.58596522956514
0.32195847923961984,0.5862691851023814
0.3224537268634317,0.5865738811265009
0.32294897448724363,0.5868793192408939
0.32344422211105556,0.5871855010546533
0.3239394697348675,0.5874924281825483
0.32443471735867935,0.5878001022451228
0.32492996498249127,0.5881085248686312
0.3254252126063032,0.5884176976851148
0.32592046023011506,0.588727622332441
0.326415707853927,0.5890383004542521
0.3269109554777389,0.5893497337000455
0.3274062031015508,0.5896619237252203
0.3279014507253627,0.5899748721910207
0.3283966983491746,0.5902885807646201
0.3288919459729865,0.5906030511191371
0.3293871935967984,0.5909182849336065
0.32988244122061033,0.5912342838930885
0.33037768884442226,0.5915510496886368
0.3308729364682341,0.5918685840173298
0.33136818409204605,0.5921868885822813
0.33186343171585797,0.5925059650927199
0.33235867933966984,0.5928258152639335
0.33285392696348176,0.5931464408173723
0.3333491745872937,0.5934678434805976
0.33384442221110555,0.5937900249873647
0.3343396698349175,0.5941129870776227
0.3348349174587294,0.594436731497532
0.33533016508254126,0.5947612599995269
0.3358254127063532,0.5950865743422742
0.3363206603301651,0.5954126762907718
0.33681590795397703,0.5957395676163277
0.3373111555777889,0.5960672500965781
0.3378064032016008,0.5963957255155374
0.33830165082541275,0.5967249956636517
0.3387968984492246,0.5970550623377433
0.33929214607303654,0.5973859273411001
0.33978739369684846,0.5977175924835042
0.34028264132066033,0.5980500595811997
0.34077788894447225,0.598383330456986
0.3412731365682842,0.5987174069401993
0.34176838419209604,0.599052290866774
0.34226363181590796,0.5993879840792273
0.3427588794397199,0.5997244884267113
0.3432541270635318,0.6000618057650458
0.3437493746873437,0.6003999379567395
0.3442446223111556,0.6007388868710046
0.3447398699349675,0.6010786543837804
0.3452351175587794,0.601419242377805
0.3457303651825913,0.6017606527425838
0.34622561280640324,0.6021028873744529
0.3467208604302151,0.6024459481765874
0.34721610805402703,0.6027898370590704
0.34771135567783895,0.6031345559388633
0.3482066033016508,0.6034801067398564
0.34870185092546274,0.6038264913929027
0.34919709854927466,0.6041737118358901
0.3496923461730866,0.6045217700136464
0.35018759379689846,0.6048706678781255
0.3506828414207104,0.6052204073882963
0.3511780890445223,0.6055709905102613
0.35167333666833417,0.6059224192172628
0.3521685842921461,0.6062746954896824
0.352663831915958,0.6066278213151087
0.3531590795397699,0.6069817986883679
0.3536543271635818,0.607336629611507
0.35414957478739373,0.6076923160938628
0.35464482241120565,0.608048860152104
0.3551400700350175,0.6084062638102288
0.35563531765882944,0.6087645290995904
0.35613056528264136,0.6091236580589652
0.35662581290645323,0.6094836527345706
0.35712106053026516,0.6098445151800648
0.3576163081540771,0.6102062474566101
0.35811155577788895,0.6105688516329101
0.35860680340170087,0.6109323297851922
0.3591020510255128,0.6112966839973047
0.35959729864932466,0.6116619163607017
0.3600925462731366,0.6120280289744856
0.3605877938969485,0.6123950239454533
0.36108304152076043,0.612762903388105
0.3615782891445723,0.613131669424714
0.3620735367683842,0.6135013241852926
0.36256878439219614,0.6138718698077177
0.363064032016008,0.6142433084376505
0.36355927963981993,0.614615642228698
0.36405452726363186,0.6149888733423343
0.3645497748874437,0.6153630039479796
0.36504502251125565,0.6157380362230609
0.36554027013506757,0.6161139723529765
0.36603551775887944,0.6164908145312077
0.36653076538269136,0.6168685649593127
0.3670260130065033,0.6172472258469236
0.3675212606303152,0.6176267994118685
0.3680165082541271,0.6180072878801235
0.368511755877939,0.6183886934859019
0.3690070035017509,0.6187710184716708
0.3695022511255628,0.6191542650881621
0.3699974987493747,0.6195384355944475
0.37049274637318663,0.6199235322579565
0.3709879939969985,0.6203095573545025
0.3714832416208104,0.6206965131683356
0.37197848924462235,0.6210844019921691
0.3724737368684342,0.6214732261271984
0.37296898449224614,0.621862987883182
0.37346423211605806,0.6222536895784432
0.37395947973987,0.6226453335399141
0.37445472736368185,0.6230379221031641
0.3749499749874938,0.6234314576124521
0.3754452226113057,0.6238259424207733
0.37594047023511756,0.6242213788898547
0.3764357178589295,0.624617769390246
0.3769309654827414,0.6250151163013109
0.3774262131065533,0.6254134220113026
0.3779214607303652,0.6258126889173488
0.3784167083541771,0.6262129194255703
0.378911955977989,0.6266141159510447
0.3794072036018009,0.6270162809178992
0.37990245122561284,0.6274194167593005
0.38039769884942476,0.6278235259175362
0.3808929464732366,0.6282286108440406
0.38138819409704855,0.6286346739994064
0.3818834417208605,0.6290417178534801
0.38237868934467234,0.6294497448853553
0.38287393696848426,0.6298587575834282
0.3833691845922962,0.6302687584454435
0.38386443221610805,0.6306797499785283
0.38435967983992,0.6310917346992493
0.3848549274637319,0.6315047151336113
0.38535017508754377,0.6319186938171484
0.3858454227113557,0.6323336732949316
0.3863406703351676,0.6327496561216474
0.38683591795897954,0.6331666448615805
0.3873311655827914,0.6335846420887217
0.3878264132066033,0.634003650386761
0.38832166083041525,0.6344236723491627
0.3888169084542271,0.6348447105791775
0.38931215607803904,0.6352667676899235
0.38980740370185096,0.6356898463044005
0.39030265132566283,0.6361139490555278
0.39079789894947475,0.6365390785862239
0.3912931465732867,0.6369652375494319
0.3917883941970986,0.6373924286081227
0.39228364182091047,0.6378206544354348
0.3927788894447224,0.6382499177146141
0.3932741370685343,0.6386802211391256
0.3937693846923462,0.6391115674126793
0.3942646323161581,0.6395439592492907
0.39475987993997,0.6399773993732866
0.3952551275637819,0.6404118905193861
0.3957503751875938,0.640847435432756
0.39624562281140574,0.641284036869
0.3967408704352176,0.6417216975942795
0.39723611805902953,0.6421604203853158
0.39773136568284145,0.6426002080294437
0.3982266133066534,0.6430410633246593
0.39872186093046524,0.6434829890796855
0.39921710855427717,0.6439259881139752
0.3997123561780891,0.6443700632578286
0.40020760380190096,0.644815217352374
0.4007028514257129,0.6452614532496527
0.4011980990495248,0.645708773812676
0.40169334667333667,0.646157181915437
0.4021885942971486,0.6466066804429904
0.4026838419209605,0.6470572722914962
0.4031790895447724,0.647508960368284
0.4036743371685843,0.6479617475918608
0.40416958479239623,0.6484156368920089
0.40466483241620815,0.6488706312097957
0.40516008004002,0.6493267334976692
0.40565532766383194,0.6497839467194759
0.40615057528764387,0.6502422738505211
0.40664582291145573,0.650701717877626
0.40714107053526766,0.6511622817991765
0.4076363181590796,0.6516239686251737
0.40813156578289145,0.652086781377304
0.40862681340670337,0.6525507230889577
0.4091220610305153,0.6530157968053074
0.40961730865432716,0.6534820055833772
0.4101125562781391,0.6539493524920443
0.410607803901951,0.6544178406121565
0.41110305152576293,0.6548874730365423
0.4115982991495748,0.6553582528700795
0.4120935467733867,0.6558301832297591
0.41258879439719864,0.6563032672447202
0.4130840420210105,0.6567775080563361
0.41357928964482243,0.6572529088182388
0.41407453726863436,0.6577294726963977
0.4145697848924462,0.6582072028691743
0.41506503251625815,0.6586861025273607
0.41556028014007007,0.6591661748742592
0.41605552776388194,0.6596474231257404
0.41655077538769386,0.6601298505102665
0.4170460230115058,0.660613460269009
0.4175412706353177,0.6610982556558567
0.4180365182591296,0.6615842399374863
0.4185317658829415,0.6620714163934526
0.4190270135067534,0.6625597883161973
0.4195222611305653,0.6630493590111406
0.4200175087543772,0.6635401317967677
0.42051275637818913,0.6640321100046143
0.421008004002001,0.664525296979412
0.4215032516258129,0.6650196960790877
0.42199849924962485,0.6655153106748474
0.42249374687343677,0.6660121441512551
0.42298899449724864,0.6665101999062574
0.42348424212106056,0.667009481351297
0.4239794897448725,0.6675099919113334
0.42447473736868435,0.6680117350249053
0.4249699849924963,0.6685147141442439
0.4254652326163082,0.6690189327352741
0.42596048024012007,0.6695243942777176
0.426455727863932,0.670031102265161
0.4269509754877439,0.6705390602050914
0.4274462231115558,0.6710482716190002
0.4279414707353677,0.6715587400424137
0.4284367183591796,0.6720704690249686
0.42893196598299155,0.6725834621305171
0.4294272136068034,0.6730977229371206
0.42992246123061534,0.6736132550372029
0.43041770885442726,0.674130062037548
0.43091295647823913,0.674648147559403
0.43140820410205105,0.6751675152385381
0.431903451725863,0.6756881687253257
0.43239869934967484,0.6762101116847887
0.43289394697348677,0.6767333477966972
0.4333891945972987,0.6772578807556204
0.43388444222111056,0.6777837142710028
0.4343796898449225,0.6783108520672334
0.4348749374687344,0.6788392978837238
0.4353701850925463,0.6793690554749776
0.4358654327163582,0.6799001286106575
0.4363606803401701,0.6804325210756621
0.43685592796398204,0.6809662366702118
0.4373511755877939,0.6815012792098935
0.43784642321160583,0.682037652525761
0.43834167083541775,0.6825753604643964
0.4388369184592296,0.6831144068879874
0.43933216608304154,0.6836547956744268
0.43982741370685347,0.684196530717335
0.44032266133066533,0.6847396159261864
0.44081790895447726,0.6852840552263563
0.4413131565782892,0.6858298525592368
0.4418084042021011,0.6863770118822504
0.44230365182591297,0.6869255371689884
0.4427988994497249,0.6874754324092611
0.4432941470735368,0.6880267016091839
0.4437893946973487,0.6885793487912566
0.4442846423211606,0.6891333779944391
0.44477988994497253,0.6896887932742325
0.4452751375687844,0.6902455987027739
0.4457703851925963,0.6908037983688936
0.44626563281640824,0.6913633963782211
0.4467608804402201,0.6919243968532425
0.44725612806403203,0.69248680393342
0.44775137568784396,0.6930506217752321
0.4482466233116559,0.6936158545522868
0.44874187093546775,0.694182506455401
0.44923711855927967,0.6947505816926774
0.4497323661830916,0.6953200844895944
0.45022761380690346,0.6958910190890932
0.4507228614307154,0.6964633897516613
0.4512181090545273,0.6970372007554289
0.4517133566783392,0.6976124563962426
0.4522086043021511,0.6981891609877551
0.452703851925963,0.6987673188615239
0.4531990995497749,0.6993469343670989
0.4536943471735868,0.6999280118720932
0.45418959479739873,0.7005105557623047
0.45468484242121066,0.7010945704417861
0.4551800900450225,0.7016800603329242
0.45567533766883445,0.702267029876563
0.45617058529264637,0.7028554835320822
0.45666583291645824,0.7034454257774676
0.45716108054027016,0.70403686110944
0.4576563281640821,0.7046297940435389
0.45815157578789395,0.7052242291142053
0.4586468234117059,0.7058201708748721
0.4591420710355178,0.7064176238980846
0.4596373186593297,0.7070165927755779
0.4601325662831416,0.7076170821183819
0.4606278139069535,0.7082190965569173
0.46112306153076543,0.7088226407410816
0.4616183091545773,0.7094277193403629
0.4621135567783892,0.7100343370439443
0.46260880440220115,0.7106424985607758
0.463104052026013,0.7112522086197064
0.46359929964982494,0.7118634719695529
0.46409454727363686,0.7124762933792456
0.4645897948974487,0.7130906776378789
0.46508504252126065,0.7137066295548566
0.4655802901450726,0.7143241539599599
0.4660755377688845,0.7149432557034964
0.46657078539269636,0.7155639396563533
0.4670660330165083,0.7161862107101368
0.4675612806403202,0.7168100737772671
0.4680565282641321,0.7174355337910925
0.468551775887944,0.7180625957059827
0.4690470235117559,0.7186912644974419
0.4695422711355678,0.7193215451622416
0.4700375187593797,0.719953442718477
0.47053276638319164,0.7205869622057324
0.4710280140070035,0.721222108685158
0.4715232616308154,0.7218588872395938
0.47201850925462735,0.7224973029736746
0.4725137568784393,0.7231373610139541
0.47300900450225114,0.7237790665090028
0.47350425212606306,0.7244224246295308
0.473999499749875,0.7250674405685071
0.47449474737368685,0.7257141195412647
0.4749899949974988,0.7263624667856305
0.4754852426213107,0.7270124875620249
0.47598049024512257,0.7276641871535798
0.4764757378689345,0.7283175708662937
0.4769709854927464,0.728972644029089
0.4774662331165583,0.7296294119939878
0.4779614807403702,0.7302878801361951
0.4784567283641821,0.730948053854255
0.47895197598799405,0.7316099385701326
0.4794472236118059,0.7322735397293584
0.47994247123561784,0.7329388628011525
0.48043771885942976,0.733605913278564
0.48093296648324163,0.7342746966785554
0.48142821410705355,0.7349452185421611
0.4819234617308655,0.7356174844346015
0.48241870935467734,0.7362914999454261
0.48291395697848927,0.7369672706886105
0.4834092046023012,0.7376448023027281
0.48390445222611306,0.7383241004510297
0.484399699849925,0.7390051708216228
0.4848949474737369,0.7396880191275756
0.4853901950975488,0.7403726511070502
0.4858854427213607,0.7410590725234449
0.4863806903451726,0.7417472891655331
0.48687593796898454,0.7424373068475686
0.4873711855927964,0.7431291314094658
0.48786643321660833,0.7438227687168991
0.48836168084042025,0.744518224661451
0.4888569284642321,0.7452155051607724
0.48935217608804404,0.7459146161586818
0.48984742371185597,0.7466155636253496
0.49034267133566783,0.7473183535573945
0.49083791895947976,0.7480229919780517
0.4913331665832917,0.7487294849373265
0.4918284142071036,0.749437838512112
0.49232366183091547,0.750148058806347
0.4928189094547274,0.7508601519511554
0.4933141570785393,0.7515741241050101
0.4938094047023512,0.752289981453846
0.4943046523261631,0.7530077302112543
0.49479989994997503,0.7537273766185919
0.4952951475737869,0.7544489269451466
0.4957903951975988,0.7551723874882996
0.49628564282141074,0.755897764573667
0.49678089044522267,0.7566250645552363
0.49727613806903453,0.7573542938155636
0.49777138569284646,0.7580854587658724
0.4982666333166584,0.7588185658462797
0.49876188094047025,0.7595536215258748
0.49925712856428217,0.7602906323029528
0.4997523761880941,0.7610296047051035
0.5002476238119059,0.7617705452894419
0.5007428714357178,0.7625134606427004
0.5012381190595298,0.7632583573814604
0.5017333666833417,0.7640052421522513
0.5022286143071536,0.7647541216317535
0.5027238619309655,0.7655050025269671
0.5032191095547774,0.7662578915753483
0.5037143571785893,0.7670127955450136
0.5042096048024012,0.7677697212348779
0.5047048524262131,0.7685286754748422
0.505200100050025,0.7692896651259628
0.505695347673837,0.7700526970806215
0.5061905952976489,0.7708177782626853
0.5066858429214608,0.7715849156277206
0.5071810905452727,0.7723541161631121
0.5076763381690845,0.7731253868882957
0.5081715857928965,0.7738987348548965
0.5086668334167084,0.7746741671469306
0.5091620810405203,0.7754516908809712
0.5096573286643322,0.7762313132063424
0.5101525762881441,0.7770130413053001
0.510647823911956,0.7777968823932009
0.5111430715357679,0.7785828437187023
0.5116383191595798,0.7793709325639544
0.5121335667833917,0.7801611562447721
0.5126288144072036,0.7809535221108326
0.5131240620310156,0.7817480375458559
0.5136193096548275,0.7825447099678307
0.5141145572786393,0.7833435468291481
0.5146098049024512,0.7841445556168523
0.5151050525262632,0.784947743852804
0.5156003001500751,0.7857531190938882
0.516095547773887,0.7865606889322001
0.5165907953976989,0.7873704609952747
0.5170860430215107,0.7881824429462426
0.5175812906453227,0.7889966424840767
0.5180765382691346,0.7898130673437681
0.5185717858929465,0.7906317252965339
0.5190670335167584,0.7914526241500306
0.5195622811405703,0.7922757717485664
0.5200575287643823,0.7931011759732938
0.5205527763881941,0.7939288447424309
0.521048024012006,0.7947587860114759
0.5215432716358179,0.7955910077734063
0.5220385192596299,0.796425518058917
0.5225337668834418,0.7972623249366151
0.5230290145072537,0.7981014365132311
0.5235242621310655,0.7989428609338807
0.5240195097548774,0.7997866063822439
0.5245147573786894,0.8006326810807904
0.5250100050025013,0.8014810932910265
0.5255052526263132,0.8023318513136999
0.5260005002501251,0.8031849634890433
0.526495747873937,0.8040404381969711
0.5269909954977489,0.8048982838573608
0.5274862431215608,0.8057585089302284
0.5279814907453727,0.8066211219160125
0.5284767383691846,0.8074861313557592
0.5289719859929966,0.8083535458313994
0.5294672336168085,0.8092233739659659
0.5299624812406203,0.8100956244238456
0.5304577288644322,0.810970305911004
0.5309529764882441,0.8118474271752435
0.5314482241120561,0.8127269970064304
0.531943471735868,0.8136090242367715
0.5324387193596799,0.8144935177410242
0.5329339669834918,0.8153804864367817
0.5334292146073036,0.8162699392846894
0.5339244622311156,0.8171618852887401
0.5344197098549275,0.8180563334964921
0.5349149574787394,0.81895329299933
0.5354102051025513,0.8198527729327586
0.5359054527263633,0.8207547824766132
0.5364007003501751,0.82165933085536
0.536895947973987,0.8225664273383384
0.5373911955977989,0.8234760812400487
0.5378864432216108,0.8243883019203833
0.5383816908454228,0.8253030987849318
0.5388769384692347,0.8262204812852593
0.5393721860930466,0.827140458919118
0.5398674337168584,0.8280630412308063
0.5403626813406703,0.8289882378113773
0.5408579289644823,0.829916058298959
0.5413531765882942,0.8308465123790253
0.5418484242121061,0.8317796097846588
0.542343671835918,0.8327153602968794
0.5428389194597298,0.8336537737448826
0.5433341670835418,0.8345948600063664
0.5438294147073537,0.8355386290078071
0.5443246623311656,0.8364850907247524
0.5448199099549775,0.8374342551821166
0.5453151575787895,0.8383861324544862
0.5458104052026014,0.8393407326664117
0.5463056528264132,0.8402980659927137
0.5468009004502251,0.8412581426587863
0.547296148074037,0.8422209729409007
0.547791395697849,0.8431865671665251
0.5482866433216609,0.8441549357146085
0.5487818909454728,0.8451260890159301
0.5492771385692847,0.8461000375533932
0.5497723861930965,0.8470767918623348
0.5502676338169085,0.8480563625308677
0.5507628814407204,0.8490387602001976
0.5512581290645323,0.850023995564919
0.5517533766883442,0.8510120793733943
0.5522486243121562,0.8520030224280261
0.552743871935968,0.8529968355856411
0.5532391195597799,0.8539935297577822
0.5537343671835918,0.8549931159110693
0.5542296148074037,0.8559956050675298
0.5547248624312157,0.8570010083049509
0.5552201100550276,0.8580093367571989
0.5557153576788395,0.8590206016145913
0.5562106053026513,0.8600348141242414
0.5567058529264632,0.8610519855903852
0.5572011005502752,0.8620721273747701
0.5576963481740871,0.8630952508969938
0.558191595797899,0.8641213676348697
0.5586868434217109,0.8651504891247714
0.5591820910455227,0.8661826269620277
0.5596773386693347,0.8672177928012681
0.5601725862931466,0.86825599835679
0.5606678339169585,0.8692972554029494
0.5611630815407704,0.8703415757745332
0.5616583291645824,0.8713889713671139
0.5621535767883943,0.8724394541374616
0.5626488244122061,0.8734930361039184
0.563144072036018,0.8745497293467724
0.5636393196598299,0.8756095460086599
0.5641345672836419,0.8766724982949591
0.5646298149074538,0.8777385984741787
0.5651250625312657,0.8788078588783614
0.5656203101550775,0.8798802919034859
0.5661155577788894,0.8809559100098646
0.5666108054027014,0.8820347257225565
0.5671060530265133,0.883116751631794
0.5676013006503252,0.8842020003933537
0.5680965482741371,0.8852904847290249
0.5685917958979491,0.8863822174269873
0.5690870435217609,0.8874772113422597
0.5695822911455728,0.8885754793971192
0.5700775387693847,0.8896770345815366
0.5705727863931966,0.8907818899535903
0.5710680340170086,0.8918900586399213
0.5715632816408205,0.8930015538361644
0.5720585292646323,0.8941163888073986
0.5725537768884442,0.8952345768885911
0.5730490245122561,0.8963561314850359
0.5735442721360681,0.897481066072815
0.57403951975988,0.8986093941992599
0.5745347673836919,0.8997411294834091
0.5750300150075038,0.9008762856164603
0.5755252626313156,0.9020148763622642
0.5760205102551276,0.9031569155577502
0.5765157578789395,0.9043024171134586
0.5770110055027514,0.9054513950139651
0.5775062531265633,0.9066038633184019
0.5780015007503753,0.9077598361609163
0.5784967483741871,0.9089193277511697
0.578991995997999,0.9100823523748411
0.5794872436218109,0.9112489243941057
0.5799824912456228,0.9124190582481468
0.5804777388694348,0.9135927684536551
0.5809729864932467,0.9147700696053416
0.5814682341170586,0.91595097637645
0.5819634817408704,0.9171355035192628
0.5824587293646823,0.9183236658656345
0.5829539769884943,0.9195154783275089
0.5834492246123062,0.9207109558974542
0.5839444722361181,0.9219101136491857
0.58443971985993,0.9231129667381138
0.5849349674837419,0.9243195304018703
0.5854302151075538,0.9255298199608737
0.5859254627313657,0.9267438508188606
0.5864207103551776,0.9279616384634441
0.5869159579789895,0.9291831984666842
0.5874112056028015,0.9304085464856305
0.5879064532266134,0.9316376982629124
0.5884017008504252,0.9328706696272847
0.5888969484742371,0.9341074764942243
0.589392196098049,0.9353481348665003
0.589887443721861,0.9365926608347743
0.5903826913456729,0.9378410705781638
0.5908779389694848,0.9390933803648533
0.5913731865932966,0.940349606552707
0.5918684342171086,0.941609765589837
0.5923636818409205,0.9428738740152548
0.5928589294647324,0.9441419484594482
0.5933541770885443,0.9454140056450226
0.5938494247123562,0.9466900623873186
0.5943446723361682,0.9479701355950432
0.59483991995998,0.9492542422708852
0.5953351675837919,0.9505423995121882
0.5958304152076038,0.9518346245115666
0.5963256628314157,0.9531309345575709
0.5968209104552277,0.9544313470353237
0.5973161580790396,0.9557358794272046
0.5978114057028514,0.9570445493134978
0.5983066533266633,0.958357374373061
0.5988019009504753,0.9596743723840135
0.5992971485742872,0.9609955612244157
0.5997923961980991,0.9623209588729369
0.600287643821911,0.9636505834095831
0.6007828914457229,0.9649844530163597
0.6012781390695348,0.9663225859780022
0.6017733866933467,0.9676650006826675
0.6022686343171586,0.9690117156226568
0.6027638819409705,0.9703627493951388
0.6032591295647824,0.9717181207028774
0.6037543771885944,0.9730778483549669
0.6042496248124062,0.9744419512675522
0.6047448724362181,0.9758104484646085
0.60524012006003,0.9771833590786577
0.605735367683842,0.978560702351553
0.6062306153076539,0.9799424976352318
0.6067258629314658,0.9813287643924785
0.6072211105552777,0.9827195221977192
0.6077163581790895,0.9841147907377898
0.6082116058029015,0.9855145898127392
0.6087068534267134,0.9869189393365991
0.6092021010505253,0.9883278593382311
0.6096973486743372,0.9897413699620926
0.6101925962981491,0.9911594914690784
0.610687843921961,0.9925822442373354
0.6111830915457729,0.9940096487631017
0.6116783391695848,0.9954417256615257
0.6121735867933967,0.9968784956675302
0.6126688344172087,0.9983199796366516
0.6131640820410206,0.9997661985459044
0.6136593296648325,1.0012171734946373
0.6141545772886443,1.0026729257054194
0.6146498249124562,1.0041334765249217
0.6151450725362682,1.0055988474247788
0.6156403201600801,1.0070690600025176
0.616135567783892,1.0085441359824452
0.6166308154077039,1.0100240972165575
0.6171260630315157,1.0115089656854592
0.6176213106553277,1.0129987634992892
0.6181165582791396,1.0144935128986736
0.6186118059029515,1.0159932362556237
0.6191070535267634,1.0174979560745432
0.6196023011505754,1.0190076949931306
0.6200975487743873,1.0205224757833908
0.6205927963981991,1.022042321352587
0.621088044022011,1.0235672547442214
0.6215832916458229,1.0250972991390452
0.6220785392696349,1.0266324778560396
0.6225737868934468,1.0281728143534397
0.6230690345172587,1.0297183322297374
0.6235642821410706,1.0312690552247192
0.6240595297648824,1.0328250072205012
0.6245547773886944,1.0343862122425738
0.6250500250125063,1.035952694460838
0.6255452726363182,1.0375244781906976
0.6260405202601301,1.0391015878941074
0.626535767883942,1.040684048180656
0.6270310155077539,1.0422718838086835
0.6275262631315658,1.0438651196863422
0.6280215107553777,1.0454637808727323
0.6285167583791896,1.0470678925790131
0.6290120060030016,1.0486774801695433
0.6295072536268135,1.0502925691629958
0.6300025012506254,1.051913185233533
0.6304977488744372,1.0535393542119582
0.6309929964982491,1.0551711020868746
0.6314882441220611,1.0568084550058763
0.631983491745873,1.0584514392767466
0.6324787393696849,1.060100081368639
0.6329739869934968,1.0617544079133001
0.6334692346173086,1.0634144457063
0.6339644822411206,1.065080221708248
0.6344597298649325,1.066751763046051
0.6349549774887444,1.0684290970141734
0.6354502251125563,1.070112251075877
0.6359454727363683,1.0718012528645369
0.6364407203601802,1.0734961301849
0.636935967983992,1.0751969110144008
0.6374312156078039,1.0769036235044842
0.6379264632316158,1.078616295981897
0.6384217108554278,1.0803349569500655
0.6389169584792397,1.0820596350904157
0.6394122061030516,1.0837903592637466
0.6399074537268634,1.0855271585115989
0.6404027013506753,1.0872700620576474
0.6408979489744873,1.0890190993090862
0.6413931965982992,1.0907742998580592
0.6418884442221111,1.0925356934830652
0.642383691845923,1.0943033101504036
0.642878939469735,1.0960771800156368
0.6433741870935468,1.0978573334250266
0.6438694347173587,1.0996438009170262
0.6443646823411706,1.1014366132237865
0.6448599299649825,1.1032358012726176
0.6453551775887945,1.1050413961875587
0.6458504252126064,1.1068534292908612
0.6463456728364182,1.1086719321045815
0.6468409204602301,1.1104969363520956
0.647336168084042,1.1123284739597055
0.647831415707854,1.1141665770582259
0.6483266633316659,1.1160112779845615
0.6488219109554778,1.1178626092833712
0.6493171585792897,1.1197206037086507
0.6498124062031015,1.1215852942254232
0.6503076538269135,1.1234567140113936
0.6508029014507254,1.1253348964586074
0.6512981490745373,1.1272198751751719
0.6517933966983492,1.1291116839869613
0.6522886443221612,1.1310103569393335
0.652783891945973,1.1329159282988948
0.6532791395697849,1.134828432555243
0.6537743871935968,1.1367479044227504
0.6542696348174087,1.1386743788423535
0.6547648824412207,1.1406078909833826
0.6552601300650326,1.1425484762453557
0.6557553776888445,1.1444961702598608
0.6562506253126563,1.146451008892385
0.6567458729364682,1.148413028244232
0.6572411205602802,1.150382264654386
0.6577363681840921,1.1523587547014422
0.658231615807904,1.1543425352055567
0.6587268634317159,1.1563336432303621
0.6592221110555277,1.1583321160849838
0.6597173586793397,1.1603379913259988
0.6602126063031516,1.162351306759463
0.6607078539269635,1.1643721004429406
0.6612031015507754,1.166400410687531
0.6616983491745874,1.1684362760599667
0.6621935967983993,1.1704797353846899
0.6626888444222111,1.1725308277459543
0.663184092046023,1.1745895924899732
0.663679339669835,1.1766560692270431
0.6641745872936469,1.17873029783375
0.6646698349174588,1.1808123184551258
0.6651650825412707,1.1829021715068768
0.6656603301650825,1.1849998976776355
0.6661555777888944,1.1871055379311881
0.6666508254127064,1.1892191335087738
0.6671460730365183,1.1913407259313784
0.6676413206603302,1.1934703570020584
0.6681365682841421,1.1956080688082973
0.6686318159079541,1.1977539037243647
0.6691270635317659,1.1999079044137084
0.6696223111555778,1.2020701138313896
0.6701175587793897,1.204240575226496
0.6706128064032016,1.206419332144634
0.6711080540270136,1.208606428430403
0.6716033016508255,1.2108019082299168
0.6720985492746373,1.213005815993333
0.6725937968984492,1.215218196477435
0.6730890445222611,1.2174390947482132
0.6735842921460731,1.2196685561834668
0.674079539769885,1.2219066264754765
0.6745747873936969,1.2241533516336585
0.6750700350175088,1.2264087779872481
0.6755652826413207,1.22867295218805
0.6760605302651326,1.2309459212131628
0.6765557778889445,1.2332277323677758
0.6770510255127564,1.235518433287964
0.6775462731365683,1.2378180719435399
0.6780415207603803,1.2401266966408877
0.6785367683841921,1.2424443560258804
0.679032016008004,1.2447710990868104
0.6795272636318159,1.2471069751572992
0.6800225112556278,1.2494520339193336
0.6805177588794398,1.251806325406236
0.6810130065032517,1.2541699000057316
0.6815082541270636,1.2565428084630137
0.6820035017508754,1.2589251018838454
0.6824987493746874,1.2613168317377135
0.6829939969984993,1.2637180498609952
0.6834892446223112,1.2661288084601394
0.6839844922461231,1.2685491601149392
0.684479739869935,1.270979157781771
0.6849749874937469,1.273418854796916
0.6854702351175588,1.2758683048798956
0.6859654827413707,1.278327562136835
0.6864607303651826,1.2807966810638907
0.6869559779889945,1.2832757165506723
0.6874512256128065,1.285764723883738
0.6879464732366184,1.2882637587501014
0.6884417208604302,1.2907728772407956
0.6889369684842421,1.2932921358544467
0.689432216108054,1.2958215915009275
0.689927463731866,1.2983613015049897
0.6904227113556779,1.3009113236099992
0.6909179589794898,1.3034717159816762
0.6914132066033016,1.3060425372118538
0.6919084542271136,1.3086238463223412
0.6924037018509255,1.3112157027687492
0.6928989494747374,1.3138181664444284
0.6933941970985493,1.3164312976844044
0.6938894447223612,1.3190551572693576
0.6943846923461732,1.3216898064296694
0.694879939969985,1.3243353068494967
0.6953751875937969,1.3269917206708823
0.6958704352176088,1.3296591104979272
0.6963656828414208,1.3323375394009982
0.6968609304652327,1.3350270709209728
0.6973561780890446,1.3377277690735525
0.6978514257128565,1.340439698353602
0.6983466733366683,1.343162923739539
0.6988419209604803,1.345897510697783
0.6993371685842922,1.348643525187236
0.6998324162081041,1.351401033663842
0.700327663831916,1.3541701030851376
0.700822911455728,1.3569508009149198
0.7013181590795398,1.3597431951279386
0.7018134067033517,1.3625473542146096
0.7023086543271636,1.365363347185827
0.7028039019509755,1.3681912435778012
0.7032991495747875,1.3710311134569637
0.7037943971985994,1.3738830274249112
0.7042896448224113,1.3767470566234228
0.7047848924462231,1.3796232727395124
0.705280140070035,1.382511748010551
0.705775387693847,1.3854125552294392
0.7062706353176589,1.3883257677498624
0.7067658829414708,1.3912514594915466
0.7072611305652827,1.394189704945636
0.7077563781890945,1.3971405791800988
0.7082516258129065,1.4001041578451834
0.7087468734367184,1.403080517178976
0.7092421210605303,1.4060697340129815
0.7097373686843422,1.4090718857777755
0.7102326163081542,1.4120870505087413
0.7107278639319661,1.415115306851853
0.7112231115557779,1.4181567340695107
0.7117183591795898,1.4212114120464923
0.7122136068034017,1.4242794212959031
0.7127088544272137,1.4273608429652576
0.7132041020510256,1.430455758842587
0.7136993496748375,1.433564251362644
0.7141945972986493,1.436686403613148
0.7146898449224612,1.4398222993411558
0.7151850925462732,1.4429720229594236
0.7156803401700851,1.4461356595529362
0.716175587793897,1.4493132948854237
0.7166708354177089,1.4525050154060313
0.7171660830415209,1.4557109082559891
0.7176613306653327,1.458931061275444
0.7181565782891446,1.4621655630102814
0.7186518259129565,1.465414502719116
0.7191470735367684,1.4686779703802746
0.7196423211605804,1.4719560566989396
0.7201375687843923,1.4752488531143242
0.7206328164082041,1.4785564518069514
0.721128064032016,1.4818789457060157
0.7216233116558279,1.485216428496843
0.7221185592796399,1.4885689946284049
0.7226138069034518,1.4919367393209584
0.7231090545272637,1.4953197585737585
0.7236043021510756,1.4987181491728774
0.7240995497748874,1.5021320086990608
0.7245947973986994,1.5055614355357778
0.7250900450225113,1.5090065288772707
0.7255852926463232,1.5124673887367568
0.7260805402701351,1.5159441159546923
0.7265757878939471,1.5194368122071846
0.7270710355177589,1.5229455800144411
0.7275662831415708,1.526470522749378
0.7280615307653827,1.5300117446462924
0.7285567783891946,1.5335693508096684
0.7290520260130066,1.537143447223058
0.7295472736368185,1.5407341407581
0.7300425212606304,1.544341539183638
0.7305377688844422,1.5479657511749354
0.7310330165082541,1.5516068863230237
0.7315282641320661,1.5552650551441407
0.732023511755878,1.558940369089318
0.7325187593796899,1.5626329405540536
0.7330140070035018,1.5663428828881112
0.7335092546273136,1.5700703104054647
0.7340045022511256,1.573815338394318
0.7344997498749375,1.5775780831273
0.7349949974987494,1.5813586618717321
0.7354902451225613,1.5851571929000954
0.7359854927463733,1.5889737955005214
0.7364807403701852,1.5928085899875448
0.736975987993997,1.5966616977128647
0.7374712356178089,1.6005332410763262
0.7379664832416208,1.6044233435370074
0.7384617308654328,1.6083321296244208
0.7389569784892447,1.6122597249499293
0.7394522261130566,1.6162062562182093
0.7399474737368684,1.6201718512389383
0.7404427213606803,1.6241566389385826
0.7409379689844923,1.628160749372357
0.7414332166083042,1.632184313736336
0.7419284642321161,1.6362274643796917
0.742423711855928,1.6402903348171227
0.74291895947974,1.6443730597414208
0.7434142071035518,1.6484757750362153
0.7439094547273637,1.6525986177888448
0.7444047023511756,1.6567417263034399
0.7448999499749875,1.6609052401141362
0.7453951975987995,1.665089299998483
0.7458904452226114,1.6692940479910123
0.7463856928464232,1.6735196273969852
0.7468809404702351,1.6777661828063108
0.747376188094047,1.6820338601076612
0.747871435717859,1.686322806502751
0.7483666833416709,1.6906331705208133
0.7488619309654828,1.6949651020332812
0.7493571785892947,1.6993187522686064
0.7498524262131065,1.7036942738273457
0.7503476738369185,1.7080918206973925
0.7508429214607304,1.7125115482694149
0.7513381690845423,1.716953613352528
0.7518334167083542,1.7214181741901349
0.7523286643321662,1.7259053904760078
0.752823911955978,1.7304154233705618
0.7533191595797899,1.73494843551735
0.7538144072036018,1.739504591059786
0.7543096548274137,1.744084055658086
0.7548049024512257,1.748686996506427
0.7553001500750376,1.7533135823503483
0.7557953976988495,1.7579639835043945
0.7562906453226613,1.7626383718699499
0.7567858929464732,1.7673369209533765
0.7572811405702852,1.7720598058843693
0.7577763881940971,1.7768072034345195
0.758271635817909,1.7815792920362146
0.7587668834417209,1.7863762518017114
0.7592621310655328,1.7911982645425377
0.7597573786893447,1.7960455137890987
0.7602526263131566,1.800918184810598
0.7607478739369685,1.8058164646351915
0.7612431215607804,1.8107405420704745
0.7617383691845924,1.8156906077241803
0.7622336168084043,1.8206668540252342
0.7627288644322161,1.8256694752450222
0.763224112056028,1.8306986675190393
0.76371935967984,1.8357546288687652
0.7642146073036519,1.8408375592238895
0.7647098549274638,1.845947660444835
0.7652051025512757,1.8510851363455605
0.7657003501750875,1.8562501927167667
0.7661955977988995,1.861443037349333
0.7666908454227114,1.866663880058133
0.7671860930465233,1.8719129327062058
0.7676813406703352,1.87719040922921
0.7681765882941471,1.882496525660259
0.7686718359179591,1.887831500155122
0.7691670835417709,1.893195553017758
0.7696623311655828,1.8985889067262194
0.7701575787893947,1.904011785958918
0.7706528264132066,1.9094644176212936
0.7711480740370186,1.914947030872831
0.7716433216608305,1.9204598571545015
0.7721385692846424,1.9260031302165563
0.7726338169084542,1.9315770861467465
0.7731290645322662,1.93718196339898
0.7736243121560781,1.9428180028223156
0.77411955977989,1.948485447690464
0.7746148074037019,1.9541845437316483
0.7751100550275138,1.9599155391589624
0.7756053026513257,1.965678684701121
0.7761005502751376,1.9714742336336835
0.7765957978989495,1.9773024418107354
0.7770910455227614,1.9831635676970505
0.7775862931465733,1.9890578724006935
0.7780815407703853,1.9949856197061189
0.7785767883941972,2.000947076107791
0.779072036018009,2.0069425108442642
0.7795672836418209,2.0129721959327735
0.7800625312656329,2.019036406204366
0.7805577788894448,2.0251354193395352
0.7810530265132567,2.031269515904411
0.7815482741370686,2.037438979387458
0.7820435217608804,2.0436440962367852
0.7825387693846924,2.049885155897938
0.7830340170085043,2.0561624508523386
0.7835292646323162,2.0624762766562696
0.7840245122561281,2.0688269319804493
0.78451975987994,2.07521471865024
0.785015007503752,2.0816399416864204
0.7855102551275638,2.088102909346637
0.7860055027513757,2.094603933167446
0.7865007503751876,2.1011433280070375
0.7869959979989996,2.107721412088588
0.7874912456228115,2.1143385070443026
0.7879864932466234,2.120994937960128
0.7884817408704352,2.127691033421188
0.7889769884942471,2.1344271255578695
0.7894722361180591,2.1412035500926745
0.789967483741871,2.1480206463878098
0.7904627313656829,2.1548787574934627
0.7909579789894948,2.161778230196931
0.7914532266133067,2.1687194150724167
0.7919484742371186,2.1757026665316976
0.7924437218609305,2.182728342875555
0.7929389694847424,2.189796806346015
0.7934342171085543,2.196908423179458
0.7939294647323663,2.2040635636605157
0.7944247123561782,2.211262602176887
0.79491995997999,2.218505917274996
0.7954152076038019,2.225793891716573
0.7959104552276138,2.2331269125360884
0.7964057028514258,2.240505371099202
0.7969009504752377,2.2479296631620707
0.7973961980990496,2.2554001889316737
0.7978914457228615,2.2629173531271043
0.7983866933466733,2.270481565041849
0.7988819409704853,2.278093238607089
0.7993771885942972,2.285752792456055
0.7998724362181091,2.2934606499894166
0.800367683841921,2.301217239441741
0.800862931465733,2.3090229939491094
0.8013581790895448,2.316878351617753
0.8018534267133567,2.324783755593914
0.8023486743371686,2.3327396541348393
0.8028439219609805,2.3407465006809196
0.8033391695847925,2.348804753929109
0.8038344172086044,2.3569148779074993
0.8043296648324163,2.3650773420512112
0.8048249124562281,2.3732926212794982
0.80532016008004,2.3815611960742373
0.805815407703852,2.389883552559647
0.8063106553276639,2.3982601825834404
0.8068059029514758,2.4066915837993257
0.8073011505752877,2.4151782597509133
0.8077963981990995,2.4237207199570503
0.8082916458229115,2.4323194799986574
0.8087868934467234,2.4409750616070083
0.8092821410705353,2.4496879927535686
0.8097773886943472,2.458458807741349
0.8102726363181592,2.467288047297901
0.8107678839419711,2.4761762586698617
0.8112631315657829,2.4851239957192064
0.8117583791895948,2.4941318190211206
0.8122536268134067,2.5032002959636426
0.8127488744372187,2.5123300008490297
0.8132441220610306,2.5215215149968992
0.8137393696848425,2.530775426849207
0.8142346173086543,2.540092332077102
0.8147298649324662,2.549472833689628
0.8152251125562782,2.5589175421444077
0.8157203601800901,2.56842707546026
0.816215607803902,2.5780020593318835
0.8167108554277139,2.587643127246555
0.8172061030515259,2.5973509206029526
0.8177013506753377,2.6071260888320937
0.8181965982991496,2.616969289520518
0.8186918459229615,2.62688118853563
0.8191870935467734,2.636862460153372
0.8196823411705854,2.646913787188232
0.8201775887943973,2.6570358611256095
0.8206728364182091,2.6672293822565782
0.821168084042021,2.6774950598152176
0.8216633316658329,2.687833612118395
0.8221585792896449,2.698245766708149
0.8226538269134568,2.708732260496767
0.8231490745372687,2.7192938399144855
0.8236443221610806,2.7299312610600133
0.8241395697848924,2.7406452898538354
0.8246348174087044,2.751436702194378
0.8251300650325163,2.7623062841171766
0.8256253126563282,2.7732548319569745
0.8261205602801401,2.784283152512938
0.8266158079039521,2.7953920632169944
0.8271110555277639,2.8065823923053395
0.8276063031515758,2.8178549789933216
0.8281015507753877,2.82921067365353
0.8285967983991996,2.8406503379974257
0.8290920460230116,2.85217484526041
0.8295872936468235,2.863785080390477
0.8300825412706354,2.875481940240544
0.8305777888944472,2.8872663337644786
0.8310730365182591,2.899139182216985
0.8315682841420711,2.9111014193573808
0.832063531765883,2.9231539916573563
0.8325587793896949,2.9352978585128526
0.8330540270135068,2.9475339924600874
0.8335492746373186,2.9598633793958475
0.8340445222611306,2.9722870188022252
0.8345397698849425,2.9848059239757063
0.8350350175087544,2.9974211222609592
0.8355302651325663,3.0101336552891866
0.8360255127563783,3.022944579221364
0.8365207603801902,3.035854964996326
0.837016008004002,3.0488658985838595
0.8375112556278139,3.06197848124298
0.8380065032516258,3.075193829785384
0.8385017508754378,3.088513076844335
0.8389969984992497,3.1019373711490394
0.8394922461230616,3.115467877804608
0.8399874937468735,3.1291057785778618
0.8404827413706853,3.1428522721889793
0.8409779889944973,3.156708574609196
0.8414732366183092,3.170675919364686
0.8419684842421211,3.1847555578468256
0.842463731865933,3.1989487596289026
0.842958979489745,3.2132568127894356
0.8434542271135568,3.227681024242405
0.8439494747373687,3.242222720074367
0.8444447223611806,3.2568832458887123
0.8449399699849925,3.271663967157324
0.8454352176088045,3.2865662695796143
0.8459304652326164,3.30159155944934
0.8464257128564283,3.316741264029247
0.8469209604802401,3.332016831933766
0.847416208104052,3.347419733520041
0.847911455727864,3.3629514612873184
0.8484067033516759,3.378613530285153
0.8489019509754878,3.3944074785304243
0.8493971985992997,3.410334867433513
0.8498924462231116,3.4263972822338378
0.8503876938469235,3.4425963324450026
0.8508829414707354,3.458933652309744
0.8513781890945473,3.475410901265015
0.8518734367183592,3.4920297644174036
0.8523686843421712,3.508791953029152
0.8528639319659831,3.525699205015122
0.8533591795897949,3.54275328545084
0.8538544272136068,3.559955987092136
0.8543496748374187,3.577309130906401
0.8548449224612307,3.5948145666160523
0.8553401700850426,3.6124741732542915
0.8558354177088545,3.6302898597336055
0.8563306653326663,3.648263565427339
0.8568259129564783,3.6663972607646618
0.8573211605802902,3.6846929478392414
0.8578164082041021,3.7031526610320986
0.858311655827914,3.7217784676489374
0.858806903451726,3.7405724685723527
0.8593021510755379,3.7595367989293695
0.8597973986993497,3.7786736287746088
0.8602926463231616,3.7979851637897477
0.8607878939469735,3.8174736459993164
0.8612831415707854,3.8371413545037747
0.8617783891945974,3.856990606229881
0.8622736368184093,3.8770237566991925
0.8627688844422211,3.8972432008149296
0.863264132066033,3.91765137366793
0.863759379689845,3.9382507513620086
0.8642546273136569,3.9590438518595352
0.8647498749374688,3.9800332358474777
0.8652451225612807,4.001221507624786
0.8657403701850926,4.022611316011557
0.8662356178089045,4.044205355280561
0.8667308654327164,4.066006366111999
0.8672261130565283,4.088017136571807
0.8677213606803402,4.110240503114505
0.8682166083041521,4.132679351611147
0.8687118559279641,4.1553366184030756
0.8692071035517759,4.178215291382328
0.8697023511755878,4.2013184110994075
0.8701975987993997,4.224649071899156
0.8706928464232117,4.248210423085796
0.8711880940470236,4.272005670117645
0.8716833416708355,4.296038075832742
0.8721785892946474,4.320310961706034
0.8726738369184592,4.344827709139213
0.8731690845422712,4.369591760784148
0.8736643321660831,4.394606621900861
0.874159579789895,4.419875861751218
0.8746548274137069,4.445403115029302
0.8751500750375188,4.47119208332964
0.8756453226613307,4.497246536654421
0.8761405702851426,4.523570314960962
0.8766358179089545,4.550167329750515
0.8771310655327664,4.5770415656999095
0.8776263131565784,4.604197082337152
0.8781215607803903,4.631638015762549
0.8786168084042022,4.659368580416542
0.879112056028014,4.687393070896009
0.8796073036518259,4.71571586382035
0.8801025512756379,4.744341419748955
0.8805977988994498,4.773274285151873
0.8810930465232617,4.802519094435116
0.8815882941470736,4.832080572022607
0.8820835417708854,4.861963534496361
0.8825787893946974,4.892172892797107
0.8830740370185093,4.92271365448685
0.8835692846423212,4.953590926075927
0.8840645322661331,4.9848099154162515
0.884559779889945,5.01637593416318
0.885055027513757,5.048294400308135
0.8855502751375688,5.080570840784442
0.8860455227613807,5.113210894148741
0.8865407703851926,5.146220313340498
0.8870360180090046,5.179604968522442
0.8875312656328165,5.213370850004308
0.8880265132566284,5.247524071253146
0.8885217608804402,5.2820708719927145
0.8890170085042521,5.31701762139549
0.8895122561280641,5.352370821369956
0.890007503751876,5.388137109946969
0.8905027513756879,5.424323264768278
0.8909979989994998,5.460936206681007
0.8914932466233118,5.49798300344165
0.8919884942471236,5.535470873533555
0.8924837418709355,5.573407190101909
0.8929789894947474,5.611799485010267
0.8934742371185593,5.650655453023178
0.8939694847423713,5.689982956119303
0.8944647323661832,5.729790027939769
0.894959979989995,5.770084878376656
0.8954552276138069,5.81087589830676
0.8959504752376188,5.852171664475891
0.8964457228614308,5.893980944539314
0.8969409704852427,5.936312702263997
0.8974362181090546,5.979176102898905
0.8979314657328665,6.022580518719224
0.8984267133566783,6.066535534751505
0.8989219609804903,6.111050954686209
0.8994172086043022,6.156136806984833
0.8999124562281141,6.201803351189151
0.900407703851926,6.2480610844400974
0.900902951475738,6.29492074821461
0.9013981990995498,6.342393335288598
0.9018934467233617,6.390490096935013
0.9023886943471736,6.439222550366067
0.9028839419709855,6.488602486429329
0.9033791895947975,6.538641977567562
0.9038744372186094,6.589353386052913
0.9043696848424213,6.640749372506237
0.9048649324662331,6.692842904713112
0.905360180090045,6.745647266748454
0.905855427713857,6.7991760684221605
0.9063506753376689,6.853443255059063
0.9068459229614808,6.9084631176265345
0.9073411705852927,6.964250303224462
0.9078364182091045,7.020819825952238
0.9083316658329165,7.078187078168736
0.9088269134567284,7.136367842161314
0.9093221610805403,7.195378302241691
0.9098174087043522,7.255235057286025
0.9103126563281642,7.315955133738664
0.9108079039519761,7.3775559990990764
0.9113031515757879,7.440055575912853
0.9117983991995998,7.503472256288627
0.9122936468234117,7.56782491696371
0.9127888944472237,7.633132934942419
0.9132841420710356,7.699416203732541
0.9137793896948475,7.766695150206045
0.9142746373186594,7.834990752112119
0.9147698849424712,7.904324556271626
0.9152651325662832,7.9747186974837625
0.9157603801900951,8.046195918176908
0.916255627813907,8.11877958883808
0.9167508754377189,8.19249372925622
0.9172461230615309,8.267363030617096
0.9177413706853427,8.34341287848935
0.9182366183091546,8.42066937674327
0.9187318659329665,8.499159372445975
0.9192271135567784,8.57891048177937
0.9197223611805904,8.659951117029548
0.9202176088044023,8.74231051469865
0.9207128564282142,8.826018764793478
0.921208104052026,8.911106841347905
0.921703351675838,8.997606634239188
0.9221985992996499,9.085550982361655
0.9226938469234618,9.174973708224979
0.9231890945472737,9.265909654047848
0.9236843421710856,9.35839471942187
0.9241795897948974,9.452465900624642
0.9246748374187094,9.548161331666275
0.9251700850425213,9.64552032715688
0.9256653326663332,9.744583427089557
0.9261605802901451,9.845392443637639
0.9266558279139571,9.947990510070984
0.927151075537769,10.052422131902826
0.9276463231615808,10.158733240384667
0.9281415707853927,10.26697124847464
0.9286368184092046,10.377185109411048
0.9291320660330166,10.489425378032385
0.9296273136568285,10.6037442749926
0.9301225612806404,10.720195754030131
0.9306178089044522,10.838835572459029
0.9311130565282641,10.959721365061057
0.9316083041520761,11.082912721568638
0.932103551775888,11.20847126794144
0.9325987993996999,11.336460751651355
0.9330940470235118,11.466947131205309
0.9335892946473238,11.599998670149887
0.9340845422711356,11.73568603581787
0.9345797898949475,11.874082403094102
0.9350750375187594,12.015263563496044
0.9355702851425713,12.159308039885321
0.9360655327663833,12.306297207146672
0.9365607803901952,12.45631541919444
0.937056028014007,12.609450142691303
0.9375512756378189,12.765792097890845
0.9380465232616308,12.9254354070435
0.9385417708854428,13.088477750837528
0.9390370185092547,13.255020533379216
0.9395322661330666,13.425169056252958
0.9400275137568785,13.599032702241143
0.9405227613806904,13.776725129324996
0.9410180090045023,13.958364475634966
0.9415132566283142,14.144073576066114
0.9420085042521261,14.333980191330266
0.942503751875938,14.528217250272405
0.94299899949975,14.726923106343055
0.9434942471235618,14.930241809186038
0.9439894947473737,15.138323392376002
0.9444847423711856,15.351324178419318
0.9449799899949975,15.569407102221323
0.9454752376188095,15.792742054317465
0.9459704852426214,16.02150624526995
0.9464657328664333,16.255884592745325
0.9469609804902451,16.496070132911647
0.947456228114057,16.742264457930244
0.947951475737869,16.994678181462508
0.9484467233616809,17.253531434276677
0.9489419709854928,17.519054392213746
0.9494372186093047,17.791487838967154
0.9499324662331166,18.071083766342152
0.9504277138569285,18.358106014895455
0.9509229614807404,18.652830958109345
0.9514182091045523,18.955548233539684
0.9519134567283642,19.2665615246836
0.9524087043521762,19.586189397656433
0.9529039519759881,19.914766197143347
0.9533991995997999,20.25264300650629
0.9538944472236118,20.600188677387035
0.9543896948474238,20.9577909346536
0.9548849424712357,21.325857563101277
0.9553801900950476,21.70481768294195
0.9558754377188595,22.09512312180732
0.9563706853426713,22.49724989175952
0.9568659329664833,22.911699780659195
0.9573611805902952,23.3390020681894
0.9578564282141071,23.779715377899162
0.958351675837919,24.234429677810226
0.958846923461731,24.703768443458053
0.9593421710855429,25.188390998716713
0.9598374187093547,25.688995051418956
0.9603326663331666,26.20631944264484
0.9608279139569785,26.74114713064349
0.9613231615807905,27.294308432711954
0.9618184092046024,27.86668455100309
0.9623136568284143,28.459211411234566
0.9628089044522261,29.072883846653205
0.963304152076038,29.70876016344329
0.96379939969985,30.36796712810932
0.9642946473236619,31.05170542230505
0.9647898949474738,31.761255616189583
0.9652851425712857,32.49798471779346
0.9657803901950976,33.263353363184606
0.9662756378189095,34.05892372057626
0.9667708854427214,34.88636819110279
0.9672661330665333,35.74747899997553
0.9677613806903452,36.64417878439177
0.9682566283141572,37.578532299144875
0.9687518759379691,38.552759377741864
0.9692471235617809,39.569249306334896
0.9697423711855928,40.63057679042241
0.9702376188094047,41.73951972059825
0.9707328664332167,42.89907897433831
0.9712281140570286,44.11250052669363
0.9717233616808405,45.38330018481028
0.9722186093046524,46.71529131060183
0.9727138569284642,48.11261595410241
0.9732091045522762,49.57977988879244
0.9737043521760881,51.1216921216583
0.9741995997999,52.743709547589894
0.9746948474237119,54.451687533142454
0.9751900950475239,56.252037352778444
0.9756853426713357,58.151791566395204
0.9761805902951476,60.15867862650669
0.9766758379189595,62.281208244642706
0.9771710855427714,64.52876933918053
0.9776663331665834,66.91174274326411
0.9781615807903953,69.4416312874432
0.9786568284142072,72.13121040713331
0.979152076038019,74.99470308568397
0.9796473236618309,78.04798376275839
0.9801425712856429,81.30881685774978
0.9806378189094548,84.79713683499314
0.9811330665332667,88.53537834480811
0.9816283141570786,92.54886700875508
0.9821235617808904,96.8662840075062
0.9826188094047024,101.52022094764288
0.9831140570285143,106.54784576175474
0.9836093046523262,111.99170595026025
0.9841045522761381,117.90070273622176
0.9845997998999501,124.33127927480439
0.985095047523762,131.34887877257475
0.9855902951475738,139.02974540644638
0.9860855427713857,147.46316396578572
0.9865807903951976,156.75426559060992
0.9870760380190096,167.02757036655728
0.9875712856428215,178.4314980620978
0.9880665332666334,191.1441637336839
0.9885617808904453,205.38089708650722
0.9890570285142571,221.4041015653079
0.9895522761380691,239.53632970210623
0.990047523761881,260.17784083738763
0.9905427713856929,283.8305001760559
0.9910380190095048,311.13079774012033
0.9915332666333168,342.89622254893607
0.9920285142571286,380.1915891860774
0.9925237618809405,424.42584271002727
0.9930190095047524,477.4965930158328
0.9935142571285643,542.011517257211
0.9940095047523763,621.6375582681526
0.9945047523761882,721.6704736052931
0.995,850.0006966228054
